
-- Database Backup --
-- Ver. : 1.0.1
-- Host : Server Host
-- Generating Time : Nov 01, 2023 at 23:27:02:PM


CREATE TABLE `bayar` (
  `id_bayar` int(10) NOT NULL AUTO_INCREMENT,
  `id_siswa` int(10) NOT NULL,
  `id_bayar_metode` int(10) NOT NULL,
  `keterangan` text NOT NULL,
  `bukti` varchar(100) NOT NULL,
  `status_verifikasi` varchar(100) NOT NULL,
  `nominal_bayar` int(17) NOT NULL,
  `tanggal_bayar` date NOT NULL,
  `dibuat_pada` datetime NOT NULL DEFAULT CURRENT_TIMESTAMP,
  `diubah_pada` datetime NOT NULL DEFAULT CURRENT_TIMESTAMP,
  `dihapus_pada` datetime DEFAULT NULL,
  PRIMARY KEY (`id_bayar`)
) ENGINE=InnoDB AUTO_INCREMENT=23 DEFAULT CHARSET=latin1;

INSERT INTO bayar VALUES
("1","9","1","via bca","2023_10_12_05_30_21_Gambar WhatsApp 2023-09-22 pukul 19.30.35.jpg","Sudah verifikasi","446000","2023-10-12","2023-10-12 10:30:21","2023-10-12 10:30:21",""),
("2","9","1","Via BCA","2023_10_12_05_37_20_download (1).jpg","Sudah verifikasi","2000000","2023-10-12","2023-10-12 10:37:20","2023-10-12 10:37:20",""),
("3","9","1","Pembayaran Study Tour","2023_10_17_04_47_19_FOTO.jpg","Sudah verifikasi","500000","2023-10-17","2023-10-17 09:47:19","2023-10-17 09:47:19",""),
("4","1","1","Via BCA","2023_10_19_05_33_11_dania.jpg","Sudah verifikasi","1000000","2023-10-04","2023-10-19 10:33:11","2023-10-19 10:33:11",""),
("5","2","1","Via BCA","2023_10_19_05_34_00_Gambar WhatsApp 2023-08-24 pukul 21.07.18.jpg","Sudah verifikasi","1000000","2023-10-05","2023-10-19 10:34:00","2023-10-19 10:34:00",""),
("6","12","1","Via BCA","2023_10_19_05_34_58_FOTO.jpg","Sudah verifikasi","1000000","2023-10-06","2023-10-19 10:34:58","2023-10-19 10:34:58",""),
("7","17","1","VIA BCA","2023_10_19_05_36_53_jogja.jpg","Sudah verifikasi","1000000","2023-10-07","2023-10-19 10:36:53","2023-10-19 10:36:53",""),
("8","15","1","Via BCA","2023_10_19_05_37_38_prambanan.jpg","Sudah verifikasi","1000000","2023-10-08","2023-10-19 10:37:38","2023-10-19 10:37:38",""),
("9","4","1","Via BCA","2023_10_19_05_39_06_kraton.jpg","Sudah verifikasi","1000000","2023-10-09","2023-10-19 10:39:06","2023-10-19 10:39:06",""),
("10","13","1","BCA","2023_10_19_05_39_57_Gambar WhatsApp 2023-09-22 pukul 19.33.38.jpg","Sudah verifikasi","1000000","2023-10-10","2023-10-19 10:39:57","2023-10-19 10:39:57",""),
("11","16","1","VIA BCA","2023_10_19_05_41_06_logo_smk.png","Sudah verifikasi","1000000","2023-10-11","2023-10-19 10:41:06","2023-10-19 10:41:06","2023-10-19 10:41:22"),
("12","16","1","VIA BCA","2023_10_19_05_42_03_logo_smk.png","Sudah verifikasi","1000000","2023-09-01","2023-10-19 10:42:03","2023-10-19 10:42:03",""),
("13","3","1","VIA BCA","2023_10_19_05_43_41_WhatsApp Image 2023-09-01 at 12.10.26.jpeg","Sudah verifikasi","1000000","2023-09-02","2023-10-19 10:43:41","2023-10-19 10:43:41",""),
("14","6","1","VIA BCA","2023_10_19_05_44_26_images.png","Sudah verifikasi","1000000","2023-09-10","2023-10-19 10:44:26","2023-10-19 10:44:26",""),
("15","5","1","VIA BCA","2023_10_19_05_45_10_Charcoal Clay Mask.jpeg","Sudah verifikasi","1000000","2023-10-21","2023-10-19 10:45:10","2023-10-19 10:45:10","2023-10-19 10:46:05"),
("16","5","1","VIA BCA","2023_10_19_05_46_44_WhatsApp Image 2023-08-18 at 18.04.25.jpeg","Sudah verifikasi","1000000","2023-09-20","2023-10-19 10:46:44","2023-10-19 10:46:44",""),
("17","8","1","VIA BCA","2023_10_19_05_48_26_jogja.jpg","Sudah verifikasi","1000000","2023-09-21","2023-10-19 10:48:26","2023-10-19 10:48:26",""),
("18","10","1","VIA BCA","2023_10_19_05_49_41_Serum.jpg","Sudah verifikasi","1000000","2023-09-22","2023-10-19 10:49:41","2023-10-19 10:49:41",""),
("19","11","1","VIA BCA","2023_10_19_05_50_49_kraton.jpg","Sudah verifikasi","1000000","2023-09-23","2023-10-19 10:50:49","2023-10-19 10:50:49",""),
("20","18","1","VIA BCA","2023_10_19_05_51_40_sg-11134201-23020-uxzq83ldwcnvf8.jpeg","Sudah verifikasi","1000000","2023-09-27","2023-10-19 10:51:40","2023-10-19 10:51:40",""),
("21","7","1","VIA BCA","2023_10_19_05_52_43_Gambar WhatsApp 2023-09-22 pukul 19.31.44.jpg","Sudah verifikasi","1000000","2023-09-28","2023-10-19 10:52:43","2023-10-19 10:52:43",""),
("22","14","1","VIA BCA","2023_10_19_05_55_58_WhatsApp Image 2023-09-01 at 12.34.47 (1).jpeg","Sudah verifikasi","1000000","2023-09-29","2023-10-19 10:55:58","2023-10-19 10:55:58","");

CREATE TABLE `bayar_alokasi` (
  `id_bayar_alokasi` int(10) NOT NULL AUTO_INCREMENT,
  `id_bayar` int(10) NOT NULL,
  `id_tagihan` int(10) NOT NULL,
  `total_alokasi` int(17) NOT NULL,
  `dialokasikan_oleh` varchar(100) NOT NULL,
  `dibuat_pada` datetime NOT NULL DEFAULT CURRENT_TIMESTAMP,
  `diubah_pada` datetime NOT NULL DEFAULT CURRENT_TIMESTAMP,
  `dihapus_pada` datetime DEFAULT NULL,
  PRIMARY KEY (`id_bayar_alokasi`)
) ENGINE=InnoDB AUTO_INCREMENT=63 DEFAULT CHARSET=latin1;

INSERT INTO bayar_alokasi VALUES
("1","1","105","446000","Otomatis Oleh Sistem","2023-10-12 10:34:05","2023-10-12 10:34:05",""),
("2","2","106","446000","Otomatis Oleh Sistem","2023-10-12 10:38:51","2023-10-12 10:38:51",""),
("3","2","107","446000","Otomatis Oleh Sistem","2023-10-12 10:38:51","2023-10-12 10:38:51",""),
("4","2","109","1108000","Otomatis Oleh Sistem","2023-10-12 10:38:51","2023-10-12 10:38:51",""),
("5","3","109","500000","Otomatis Oleh Sistem","2023-10-17 09:47:19","2023-10-17 09:47:19",""),
("6","4","1","446000","Otomatis Oleh Sistem","2023-10-19 10:33:11","2023-10-19 10:33:11",""),
("7","4","2","446000","Otomatis Oleh Sistem","2023-10-19 10:33:11","2023-10-19 10:33:11",""),
("8","4","3","108000","Otomatis Oleh Sistem","2023-10-19 10:33:11","2023-10-19 10:33:11",""),
("9","5","14","446000","Otomatis Oleh Sistem","2023-10-19 10:34:00","2023-10-19 10:34:00",""),
("10","5","15","446000","Otomatis Oleh Sistem","2023-10-19 10:34:00","2023-10-19 10:34:00",""),
("11","5","16","108000","Otomatis Oleh Sistem","2023-10-19 10:34:00","2023-10-19 10:34:00",""),
("12","6","144","446000","Otomatis Oleh Sistem","2023-10-19 10:34:58","2023-10-19 10:34:58",""),
("13","6","145","446000","Otomatis Oleh Sistem","2023-10-19 10:34:58","2023-10-19 10:34:58",""),
("14","6","146","108000","Otomatis Oleh Sistem","2023-10-19 10:34:58","2023-10-19 10:34:58",""),
("15","7","209","446000","Otomatis Oleh Sistem","2023-10-19 10:36:53","2023-10-19 10:36:53",""),
("16","7","210","446000","Otomatis Oleh Sistem","2023-10-19 10:36:53","2023-10-19 10:36:53",""),
("17","7","211","108000","Otomatis Oleh Sistem","2023-10-19 10:36:53","2023-10-19 10:36:53",""),
("18","8","183","446000","Otomatis Oleh Sistem","2023-10-19 10:37:38","2023-10-19 10:37:38",""),
("19","8","184","446000","Otomatis Oleh Sistem","2023-10-19 10:37:38","2023-10-19 10:37:38",""),
("20","8","185","108000","Otomatis Oleh Sistem","2023-10-19 10:37:38","2023-10-19 10:37:38",""),
("21","9","40","446000","Otomatis Oleh Sistem","2023-10-19 10:39:06","2023-10-19 10:39:06",""),
("22","9","41","446000","Otomatis Oleh Sistem","2023-10-19 10:39:06","2023-10-19 10:39:06",""),
("23","9","42","108000","Otomatis Oleh Sistem","2023-10-19 10:39:06","2023-10-19 10:39:06",""),
("24","10","157","446000","Otomatis Oleh Sistem","2023-10-19 10:39:57","2023-10-19 10:39:57",""),
("25","10","158","446000","Otomatis Oleh Sistem","2023-10-19 10:39:57","2023-10-19 10:39:57",""),
("26","10","159","108000","Otomatis Oleh Sistem","2023-10-19 10:39:57","2023-10-19 10:39:57",""),
("27","11","196","446000","Otomatis Oleh Sistem","2023-10-19 10:41:06","2023-10-19 10:41:06","2023-10-19 10:41:22"),
("28","11","197","446000","Otomatis Oleh Sistem","2023-10-19 10:41:06","2023-10-19 10:41:06","2023-10-19 10:41:22"),
("29","11","198","108000","Otomatis Oleh Sistem","2023-10-19 10:41:06","2023-10-19 10:41:06","2023-10-19 10:41:22"),
("30","12","196","446000","Otomatis Oleh Sistem","2023-10-19 10:42:03","2023-10-19 10:42:03",""),
("31","12","197","446000","Otomatis Oleh Sistem","2023-10-19 10:42:03","2023-10-19 10:42:03",""),
("32","12","198","108000","Otomatis Oleh Sistem","2023-10-19 10:42:03","2023-10-19 10:42:03",""),
("33","13","27","446000","Otomatis Oleh Sistem","2023-10-19 10:43:41","2023-10-19 10:43:41",""),
("34","13","28","446000","Otomatis Oleh Sistem","2023-10-19 10:43:41","2023-10-19 10:43:41",""),
("35","13","29","108000","Otomatis Oleh Sistem","2023-10-19 10:43:41","2023-10-19 10:43:41",""),
("36","14","66","446000","Otomatis Oleh Sistem","2023-10-19 10:44:26","2023-10-19 10:44:26",""),
("37","14","67","446000","Otomatis Oleh Sistem","2023-10-19 10:44:26","2023-10-19 10:44:26",""),
("38","14","68","108000","Otomatis Oleh Sistem","2023-10-19 10:44:26","2023-10-19 10:44:26",""),
("39","15","53","446000","Otomatis Oleh Sistem","2023-10-19 10:45:10","2023-10-19 10:45:10","2023-10-19 10:46:05"),
("40","15","54","446000","Otomatis Oleh Sistem","2023-10-19 10:45:10","2023-10-19 10:45:10","2023-10-19 10:46:05"),
("41","15","55","108000","Otomatis Oleh Sistem","2023-10-19 10:45:10","2023-10-19 10:45:10","2023-10-19 10:46:05"),
("42","16","53","446000","Otomatis Oleh Sistem","2023-10-19 10:46:44","2023-10-19 10:46:44",""),
("43","16","54","446000","Otomatis Oleh Sistem","2023-10-19 10:46:44","2023-10-19 10:46:44",""),
("44","16","55","108000","Otomatis Oleh Sistem","2023-10-19 10:46:44","2023-10-19 10:46:44",""),
("45","17","92","446000","Otomatis Oleh Sistem","2023-10-19 10:48:26","2023-10-19 10:48:26",""),
("46","17","93","446000","Otomatis Oleh Sistem","2023-10-19 10:48:26","2023-10-19 10:48:26",""),
("47","17","94","108000","Otomatis Oleh Sistem","2023-10-19 10:48:26","2023-10-19 10:48:26",""),
("48","18","118","446000","Otomatis Oleh Sistem","2023-10-19 10:49:41","2023-10-19 10:49:41",""),
("49","18","119","446000","Otomatis Oleh Sistem","2023-10-19 10:49:41","2023-10-19 10:49:41",""),
("50","18","120","108000","Otomatis Oleh Sistem","2023-10-19 10:49:41","2023-10-19 10:49:41",""),
("51","19","131","446000","Otomatis Oleh Sistem","2023-10-19 10:50:49","2023-10-19 10:50:49",""),
("52","19","132","446000","Otomatis Oleh Sistem","2023-10-19 10:50:49","2023-10-19 10:50:49",""),
("53","19","133","108000","Otomatis Oleh Sistem","2023-10-19 10:50:49","2023-10-19 10:50:49",""),
("54","20","222","446000","Otomatis Oleh Sistem","2023-10-19 10:51:40","2023-10-19 10:51:40",""),
("55","20","223","446000","Otomatis Oleh Sistem","2023-10-19 10:51:40","2023-10-19 10:51:40",""),
("56","20","224","108000","Otomatis Oleh Sistem","2023-10-19 10:51:40","2023-10-19 10:51:40",""),
("57","21","79","446000","Otomatis Oleh Sistem","2023-10-19 10:52:43","2023-10-19 10:52:43",""),
("58","21","80","446000","Otomatis Oleh Sistem","2023-10-19 10:52:43","2023-10-19 10:52:43",""),
("59","21","81","108000","Otomatis Oleh Sistem","2023-10-19 10:52:43","2023-10-19 10:52:43",""),
("60","22","170","446000","Otomatis Oleh Sistem","2023-10-19 10:55:58","2023-10-19 10:55:58",""),
("61","22","171","446000","Otomatis Oleh Sistem","2023-10-19 10:55:58","2023-10-19 10:55:58",""),
("62","22","172","108000","Otomatis Oleh Sistem","2023-10-19 10:55:58","2023-10-19 10:55:58","");

CREATE TABLE `bayar_metode` (
  `id_bayar_metode` int(10) NOT NULL AUTO_INCREMENT,
  `metode` varchar(100) NOT NULL,
  `nomor_rekening` varchar(100) NOT NULL,
  `dibuat_pada` datetime NOT NULL DEFAULT CURRENT_TIMESTAMP,
  `diubah_pada` datetime NOT NULL DEFAULT CURRENT_TIMESTAMP,
  `dihapus_pada` datetime DEFAULT NULL,
  PRIMARY KEY (`id_bayar_metode`)
) ENGINE=InnoDB AUTO_INCREMENT=3 DEFAULT CHARSET=latin1;

INSERT INTO bayar_metode VALUES
("1","Transfer Ke Bank BTN Rekening SMK Triatma Jaya Badung","00555-0130-0000028","2023-09-19 07:51:13","2023-09-19 07:51:13",""),
("2","Transfer Ke Bank BTN Rekening Osis SMK Triatma Jaya Badung","00555-0188-0000085","2023-09-19 07:51:13","2023-09-19 07:51:13","");

CREATE TABLE `biaya` (
  `id_biaya` int(10) NOT NULL AUTO_INCREMENT,
  `id_periode` int(10) NOT NULL,
  `deskripsi_biaya` varchar(100) NOT NULL,
  `jumlah_biaya` int(17) NOT NULL,
  `tanggal_jatuh_tempo` date NOT NULL,
  `tingkat` int(2) DEFAULT NULL,
  `id_jurusan` int(10) DEFAULT NULL,
  `dibuat_pada` datetime NOT NULL DEFAULT CURRENT_TIMESTAMP,
  `diubah_pada` datetime NOT NULL DEFAULT CURRENT_TIMESTAMP,
  `dihapus_pada` datetime DEFAULT NULL,
  PRIMARY KEY (`id_biaya`)
) ENGINE=InnoDB AUTO_INCREMENT=23 DEFAULT CHARSET=latin1;

INSERT INTO biaya VALUES
("1","7","SPP JULI 2023","446000","0000-00-00","12","0","2023-08-29 11:53:15","2023-08-29 11:53:15","2023-08-30 10:43:38"),
("2","1","SPP JULI 2023","446000","0000-00-00","0","0","2023-08-29 11:53:34","2023-08-29 11:53:34","2023-08-29 19:55:26"),
("3","8","SPP Agustus 2023","446000","0000-00-00","12","0","2023-08-29 19:38:33","2023-08-29 19:38:33","2023-08-30 10:43:41"),
("5","8","SPP September 2023","446000","0000-00-00","12","0","2023-08-29 19:40:10","2023-08-29 19:40:10","2023-08-30 10:43:44"),
("6","2","SPP Januari 2023","446000","2023-02-15","0","0","2023-08-29 19:56:02","2023-08-29 19:56:02","2023-08-30 10:43:52"),
("7","5","SPP JULI 2023","446000","0000-00-00","11","0","2023-08-30 06:43:29","2023-08-30 06:43:29","2023-08-30 10:44:00"),
("8","2","SPP JULI 2023","446000","2023-08-10","0","0","2023-08-30 06:44:18","2023-08-30 06:44:18","2023-08-30 10:43:55"),
("9","7","SPP Januari 2023","446000","2023-02-14","12","0","2023-08-30 08:29:03","2023-08-30 08:29:03","2023-08-30 10:44:03"),
("10","9","SPP JULI 2023","446000","2023-07-20","12","1","2023-08-30 10:44:24","2023-08-30 10:44:24",""),
("11","9","SPP Agustus 2023","446000","2023-08-20","12","1","2023-08-30 10:45:21","2023-08-30 10:45:21",""),
("12","9","SPP September 2023","446000","2023-09-20","12","1","2023-08-30 10:46:32","2023-08-30 10:46:32",""),
("13","9","SPP Oktober 2023","446000","2023-10-20","12","1","2023-08-30 10:47:08","2023-08-30 10:47:08",""),
("14","9","Uang Study tour","2500000","2023-09-22","12","1","2023-08-30 10:48:18","2023-08-30 10:48:18",""),
("15","9","SPP November 2023","446000","2023-11-20","12","1","2023-08-30 10:48:56","2023-08-30 10:48:56",""),
("16","9","SPP Desember 2023","446000","2023-12-20","12","1","2023-08-30 10:49:24","2023-08-30 10:49:24",""),
("17","9","SPP Januari 2024","446000","2024-01-20","12","1","2023-08-30 10:50:05","2023-08-30 10:50:05",""),
("18","9","SPP Februari 2024","446000","2024-02-20","12","1","2023-08-30 10:51:13","2023-08-30 10:51:13",""),
("19","9","SPP Maret 2024","446000","2024-03-20","12","1","2023-08-30 10:53:59","2023-08-30 10:53:59",""),
("20","9","SPP April 2024","446000","2024-04-20","12","1","2023-08-30 10:54:50","2023-08-30 10:54:50",""),
("21","9","SPP Mei 2024","446000","2024-05-20","12","1","2023-08-30 10:55:44","2023-08-30 10:55:44",""),
("22","9","SPP Juni 2024","446000","2024-06-20","12","1","2023-08-30 10:56:41","2023-08-30 10:56:41","");

CREATE TABLE `jurusan` (
  `id_jurusan` int(10) NOT NULL AUTO_INCREMENT,
  `jurusan` varchar(100) NOT NULL,
  `dibuat_pada` datetime NOT NULL DEFAULT CURRENT_TIMESTAMP,
  `diubah_pada` datetime NOT NULL DEFAULT CURRENT_TIMESTAMP,
  `dihapus_pada` datetime DEFAULT NULL,
  PRIMARY KEY (`id_jurusan`)
) ENGINE=InnoDB AUTO_INCREMENT=5 DEFAULT CHARSET=latin1;

INSERT INTO jurusan VALUES
("1","Pengembangan Perangkat Lunak dan Gim","2023-09-05 07:18:33","2023-09-05 07:18:33",""),
("2","Tata Kecantikan","2023-09-05 07:18:33","2023-09-05 07:18:33",""),
("3","Tata Boga","2023-09-05 07:18:33","2023-09-05 07:18:33",""),
("4","Perhotelan","2023-09-05 07:18:33","2023-09-05 07:18:33","");

CREATE TABLE `periode` (
  `id_periode` int(10) NOT NULL AUTO_INCREMENT,
  `periode` varchar(100) NOT NULL,
  `tanggal_awal` date NOT NULL,
  `tanggal_akhir` date NOT NULL,
  `dibuat_pada` datetime NOT NULL DEFAULT CURRENT_TIMESTAMP,
  `diubah_pada` datetime NOT NULL DEFAULT CURRENT_TIMESTAMP,
  `dihapus_pada` datetime DEFAULT NULL,
  PRIMARY KEY (`id_periode`)
) ENGINE=InnoDB AUTO_INCREMENT=19 DEFAULT CHARSET=latin1;

INSERT INTO periode VALUES
("4","lupa nama","2023-08-04","2023-10-13","2023-08-22 10:39:19","2023-08-22 10:39:19","2023-08-23 08:09:36"),
("5","anak mama","2023-02-24","2023-08-24","2023-08-22 10:41:28","2023-08-22 10:41:28","2023-08-23 08:09:42"),
("7","Tahun Ajar 2022/2022","2021-07-01","2021-06-30","2023-08-23 08:15:51","2023-08-23 08:15:51",""),
("8","Tahun Ajar 2022/2023","2022-07-01","2023-06-30","2023-08-23 08:18:14","2023-08-23 08:18:14",""),
("9","Tahun Ajar 2023-2024","2023-07-01","2024-06-30","2023-08-23 09:28:06","2023-08-23 09:28:06",""),
("10","Tahun Ajar 2024-2025","2024-07-01","2025-06-30","2023-08-23 09:29:00","2023-08-23 09:29:00",""),
("16","dania","2023-08-11","2023-08-25","2023-08-24 10:55:18","2023-08-24 10:55:18","2023-08-29 10:19:14"),
("17","Tahun Ajar 2022/2023x","2023-08-24","2023-08-24","2023-08-24 10:55:55","2023-08-24 10:55:55","2023-08-24 10:56:38"),
("18","Tahun Ajar 2022/2023x","2023-08-24","2023-08-24","2023-08-24 10:56:27","2023-08-24 10:56:27","2023-08-24 10:56:42");

CREATE TABLE `siswa` (
  `id_siswa` int(10) NOT NULL AUTO_INCREMENT,
  `nis` varchar(20) NOT NULL,
  `nama` varchar(200) NOT NULL,
  `kelas` varchar(50) NOT NULL,
  `tingkat` int(2) NOT NULL,
  `id_jurusan` int(10) NOT NULL,
  `alamat` text NOT NULL,
  `no_hp` varchar(20) NOT NULL,
  `email` varchar(50) NOT NULL,
  `dibuat_pada` datetime NOT NULL DEFAULT CURRENT_TIMESTAMP,
  `diubah_pada` datetime NOT NULL DEFAULT CURRENT_TIMESTAMP,
  `dihapus_pada` datetime DEFAULT NULL,
  PRIMARY KEY (`id_siswa`)
) ENGINE=InnoDB AUTO_INCREMENT=34 DEFAULT CHARSET=latin1;

INSERT INTO siswa VALUES
("1","4950","ALINE SYAHFITRI","XII PPLG","12","1","jLN.TUNJUNG 1","098786594230","alinee23@gmail.com","2023-08-23 11:45:50","2023-08-23 11:45:50",""),
("2","4951","BEZALIEL CAHYA YEHUDA","XII PPLG","12","1","Penamparan","569872090081","yehudaa5647@gmail.com","2023-08-23 11:46:08","2023-08-23 11:46:08",""),
("3","4952","FIBRI WILIANA PUTRI","XII PPLG","12","1","Padang Luih","085857972058","fibrip879@gmail.com","2023-08-23 11:48:11","2023-08-23 11:48:11",""),
("4","4953","GEDE ANDI PERAYOGA","XII PPLG","12","1","Jl . raya anyar kaje no.16","678955382007","andiii09@gmail.com","2023-08-23 12:00:56","2023-08-23 12:00:56",""),
("5","4954","I GEDE ERIK FUGIANTO LILA","XII PPLG","12","1","Dalung","453600975422","erickkk@gmail.com","2023-08-23 12:04:27","2023-08-23 12:04:27",""),
("6","4955","I PUTU ARYA ADY SUSENA","XII PPLG","12","1","jl.patma utara no.524","678566201976","tusena768@gmail.com","2023-08-23 12:30:44","2023-08-23 12:30:44",""),
("7","4956","KOMANG RISMA TRI PRADNYANI","XII PPLG","12","1","Dalung Permai banjar tegal sari","738209299653","rismaemoet23@gmail.com","2023-08-29 10:17:32","2023-08-29 10:17:32",""),
("8","4957","MAGDALENA FEBIAYU KANTUR","XII PPLG","12","1","jl.abianbase","783620007611","entinee14@gmail.com","2023-09-04 21:09:19","2023-09-04 21:09:19",""),
("9","4958","NASYWA RAMADHANI","XII PPLG","12","1","Jl.Merpati Gang Jalak Bali no 12a","392016675943","rnasywa321@gmail.com","2023-09-04 21:10:27","2023-09-04 21:10:27",""),
("10","4959","NI KADEK DWI SWANDEWI","XII PPLG","12","1","Jln raya padonan","998463721002","swandewi234@gmail.com","2023-09-04 21:12:18","2023-09-04 21:12:18",""),
("11","4560","NI KADEK NINA ANTARI","XII PPLG","12","1","Jln. Raya Kapal","937850372829","ninaa9876@gmail.com","2023-09-05 08:08:08","2023-09-05 08:08:08",""),
("12","4961","NI LUH CHELSEA WIDYADARI","XII PPLG","12","1","Tibubeneng,canggu","223456786543","chelsea90@gmail.com","2023-09-05 08:46:18","2023-09-05 08:46:18",""),
("13","4962","NI LUH PUTU DIAH MARTIANI","XII PPLG","12","1","JL.DALUNG PERMAI","0895394536866","diahcntikk32@gmail.com","2023-09-05 10:42:27","2023-09-05 10:42:27",""),
("14","4963","NI PUTU NIA PRADNYA OKTAVIANI","XII PPLG","12","1","jln raya tanah lot","089508466041","niapradnya23@gmail.com","2023-09-05 10:45:23","2023-09-05 10:45:23",""),
("15","4964","WILLIAMS JACOBUS FELANUEL","XII PPLG","12","1","Pesona Dalung Permai IV no13","081917913625","williams980@gmail.com","2023-09-05 10:49:26","2023-09-05 10:49:26",""),
("16","4965","ZAID ASSYA YUDAH","XII PPLG","12","1","Jln Tegal Dukuh Selatan","098896742567","zaid4537@gmail.com","2023-09-05 10:51:08","2023-09-05 10:51:08",""),
("17","4966","DEWA MADE MARTHA ABIMAYU","XII PPLG","12","1","Belakang tirta bayu,abianbase","098676783421","dewamarthda32@gmail.com","2023-09-05 10:53:52","2023-09-05 10:53:52",""),
("18","4967","FERRELL FIEVEL WAWORUNTU","XII PPLG","12","1","Gang Pura Demak No.25","081239182412","ferrell2345@gmail.com","2023-09-05 10:57:38","2023-09-05 10:57:38",""),
("19","4968","PUTU DANIA BERLIANA PUTRI","XII TKC","12","2","Kebo Iwa","088236837334","danialiana22@gmail.com","2023-09-12 08:14:59","2023-09-12 08:14:59",""),
("20","4969","KETUT NELLY APRIANI","XII TKC","12","2","Dalung permai","085437821345","nellyapriani34@gmail.com","2023-09-12 08:17:23","2023-09-12 08:17:23",""),
("21","4970","NI LUH SUKRI","XII TKC","12","2","Badung","086738774657","sukriaja@gmail.com","2023-09-12 08:19:22","2023-09-12 08:19:22",""),
("22","4971","ANITA PUTRI","XII TKC","12","2","Jalan Raya Dalung","098786594230","anitaputri098@gmail.com","2023-09-12 08:20:48","2023-09-12 08:20:48",""),
("23","4972","KADEK TIA MAHARANI","XII TKC","12","2","Jl cargo permai","085794003859","tiamaharani34@gmail.com","2023-09-12 08:22:48","2023-09-12 08:22:48",""),
("24","4973","DEVI ANJANI","XII PH","12","4","jalan raya sesetan","084837283920","deviana567@gmail.com","2023-09-12 08:24:57","2023-09-12 08:24:57",""),
("25","4974","DESINTA","XII PH","12","4","Jl. Mahendradatta","083548992122","desintaaa23@gmail.com","2023-09-12 08:26:33","2023-09-12 08:26:33",""),
("26","4975","OKTA CITRA","XII PH","12","4","Dirumah nyaaaa","086342226577","oktacitra66@gmail.com","2023-09-12 08:28:16","2023-09-12 08:28:16",""),
("27","4976","LOSENSIA","XII PH","12","4","Cargo Permai","085564377219","loren99@gmail.com","2023-09-12 08:30:52","2023-09-12 08:30:52",""),
("28","4977","INDIRA","XII PH","12","4","jalan raya","085857972058","indira67@gmail.com","2023-09-12 08:33:01","2023-09-12 08:33:01",""),
("29","4978","ALVON KARIDO PRATAMA","XII KULINER","12","3","Dalung","085857972058","alvon88@gmail.com","2023-09-12 08:35:59","2023-09-12 08:35:59",""),
("30","4979","DYLON  CRISAPUTRA","XII KULINER","12","3","DI ATAS TANAH","09876548765","dylonputra45@gmail.com","2023-09-12 08:38:54","2023-09-12 08:38:54",""),
("31","4980","OVAN GYOVANI","XII KULINER","12","3","di bawah genteng","085857972058","Ovan33444@gmail.com","2023-09-12 08:40:22","2023-09-12 08:40:22",""),
("32","4981","ARDIAN","XII KULINER","12","3","QWERGFDS","098786594230","ardian345@gmail.com","2023-09-12 09:43:05","2023-09-12 09:43:05",""),
("33","4982","ANGGA YUNANDA","XII KULINER","12","3","jalan melati","085857972058","anggaa8765@gmail.com","2023-09-12 09:43:53","2023-09-12 09:43:53","");

CREATE TABLE `tagihan` (
  `id_tagihan` int(10) NOT NULL AUTO_INCREMENT,
  `id_biaya` int(10) NOT NULL,
  `id_siswa` int(10) NOT NULL,
  `kelas` varchar(50) NOT NULL,
  `keterangan` varchar(200) NOT NULL,
  `potongan` int(20) NOT NULL DEFAULT '0',
  `total_terbayar` int(20) NOT NULL DEFAULT '0',
  `dibuat_pada` datetime NOT NULL DEFAULT CURRENT_TIMESTAMP,
  `diubah_pada` datetime NOT NULL DEFAULT CURRENT_TIMESTAMP,
  `dihapus_pada` datetime DEFAULT NULL,
  PRIMARY KEY (`id_tagihan`)
) ENGINE=InnoDB AUTO_INCREMENT=235 DEFAULT CHARSET=latin1;

INSERT INTO tagihan VALUES
("1","10","1","XII PPLG","","0","446000","2023-10-12 10:27:24","2023-10-12 10:27:24",""),
("2","11","1","XII PPLG","","0","446000","2023-10-12 10:27:24","2023-10-12 10:27:24",""),
("3","12","1","XII PPLG","","0","108000","2023-10-12 10:27:24","2023-10-12 10:27:24",""),
("4","13","1","XII PPLG","","0","0","2023-10-12 10:27:24","2023-10-12 10:27:24",""),
("5","14","1","XII PPLG","","0","0","2023-10-12 10:27:24","2023-10-12 10:27:24",""),
("6","15","1","XII PPLG","","0","0","2023-10-12 10:27:24","2023-10-12 10:27:24",""),
("7","16","1","XII PPLG","","0","0","2023-10-12 10:27:24","2023-10-12 10:27:24",""),
("8","17","1","XII PPLG","","0","0","2023-10-12 10:27:24","2023-10-12 10:27:24",""),
("9","18","1","XII PPLG","","0","0","2023-10-12 10:27:24","2023-10-12 10:27:24",""),
("10","19","1","XII PPLG","","0","0","2023-10-12 10:27:24","2023-10-12 10:27:24",""),
("11","20","1","XII PPLG","","0","0","2023-10-12 10:27:24","2023-10-12 10:27:24",""),
("12","21","1","XII PPLG","","0","0","2023-10-12 10:27:24","2023-10-12 10:27:24",""),
("13","22","1","XII PPLG","","0","0","2023-10-12 10:27:24","2023-10-12 10:27:24",""),
("14","10","2","XII PPLG","","0","446000","2023-10-12 10:27:24","2023-10-12 10:27:24",""),
("15","11","2","XII PPLG","","0","446000","2023-10-12 10:27:24","2023-10-12 10:27:24",""),
("16","12","2","XII PPLG","","0","108000","2023-10-12 10:27:24","2023-10-12 10:27:24",""),
("17","13","2","XII PPLG","","0","0","2023-10-12 10:27:24","2023-10-12 10:27:24",""),
("18","14","2","XII PPLG","","0","0","2023-10-12 10:27:24","2023-10-12 10:27:24",""),
("19","15","2","XII PPLG","","0","0","2023-10-12 10:27:24","2023-10-12 10:27:24",""),
("20","16","2","XII PPLG","","0","0","2023-10-12 10:27:24","2023-10-12 10:27:24",""),
("21","17","2","XII PPLG","","0","0","2023-10-12 10:27:24","2023-10-12 10:27:24",""),
("22","18","2","XII PPLG","","0","0","2023-10-12 10:27:24","2023-10-12 10:27:24",""),
("23","19","2","XII PPLG","","0","0","2023-10-12 10:27:24","2023-10-12 10:27:24",""),
("24","20","2","XII PPLG","","0","0","2023-10-12 10:27:24","2023-10-12 10:27:24",""),
("25","21","2","XII PPLG","","0","0","2023-10-12 10:27:24","2023-10-12 10:27:24",""),
("26","22","2","XII PPLG","","0","0","2023-10-12 10:27:24","2023-10-12 10:27:24",""),
("27","10","3","XII PPLG","","0","446000","2023-10-12 10:27:24","2023-10-12 10:27:24",""),
("28","11","3","XII PPLG","","0","446000","2023-10-12 10:27:24","2023-10-12 10:27:24",""),
("29","12","3","XII PPLG","","0","108000","2023-10-12 10:27:24","2023-10-12 10:27:24",""),
("30","13","3","XII PPLG","","0","0","2023-10-12 10:27:24","2023-10-12 10:27:24",""),
("31","14","3","XII PPLG","","0","0","2023-10-12 10:27:24","2023-10-12 10:27:24",""),
("32","15","3","XII PPLG","","0","0","2023-10-12 10:27:24","2023-10-12 10:27:24",""),
("33","16","3","XII PPLG","","0","0","2023-10-12 10:27:24","2023-10-12 10:27:24",""),
("34","17","3","XII PPLG","","0","0","2023-10-12 10:27:24","2023-10-12 10:27:24",""),
("35","18","3","XII PPLG","","0","0","2023-10-12 10:27:24","2023-10-12 10:27:24",""),
("36","19","3","XII PPLG","","0","0","2023-10-12 10:27:24","2023-10-12 10:27:24",""),
("37","20","3","XII PPLG","","0","0","2023-10-12 10:27:24","2023-10-12 10:27:24",""),
("38","21","3","XII PPLG","","0","0","2023-10-12 10:27:24","2023-10-12 10:27:24",""),
("39","22","3","XII PPLG","","0","0","2023-10-12 10:27:24","2023-10-12 10:27:24",""),
("40","10","4","XII PPLG","","0","446000","2023-10-12 10:27:24","2023-10-12 10:27:24",""),
("41","11","4","XII PPLG","","0","446000","2023-10-12 10:27:24","2023-10-12 10:27:24",""),
("42","12","4","XII PPLG","","0","108000","2023-10-12 10:27:24","2023-10-12 10:27:24",""),
("43","13","4","XII PPLG","","0","0","2023-10-12 10:27:24","2023-10-12 10:27:24",""),
("44","14","4","XII PPLG","","0","0","2023-10-12 10:27:24","2023-10-12 10:27:24",""),
("45","15","4","XII PPLG","","0","0","2023-10-12 10:27:24","2023-10-12 10:27:24",""),
("46","16","4","XII PPLG","","0","0","2023-10-12 10:27:24","2023-10-12 10:27:24",""),
("47","17","4","XII PPLG","","0","0","2023-10-12 10:27:24","2023-10-12 10:27:24",""),
("48","18","4","XII PPLG","","0","0","2023-10-12 10:27:24","2023-10-12 10:27:24",""),
("49","19","4","XII PPLG","","0","0","2023-10-12 10:27:24","2023-10-12 10:27:24",""),
("50","20","4","XII PPLG","","0","0","2023-10-12 10:27:24","2023-10-12 10:27:24",""),
("51","21","4","XII PPLG","","0","0","2023-10-12 10:27:24","2023-10-12 10:27:24",""),
("52","22","4","XII PPLG","","0","0","2023-10-12 10:27:24","2023-10-12 10:27:24",""),
("53","10","5","XII PPLG","","0","446000","2023-10-12 10:27:24","2023-10-12 10:27:24",""),
("54","11","5","XII PPLG","","0","446000","2023-10-12 10:27:24","2023-10-12 10:27:24",""),
("55","12","5","XII PPLG","","0","108000","2023-10-12 10:27:24","2023-10-12 10:27:24",""),
("56","13","5","XII PPLG","","0","0","2023-10-12 10:27:24","2023-10-12 10:27:24",""),
("57","14","5","XII PPLG","","0","0","2023-10-12 10:27:24","2023-10-12 10:27:24",""),
("58","15","5","XII PPLG","","0","0","2023-10-12 10:27:24","2023-10-12 10:27:24",""),
("59","16","5","XII PPLG","","0","0","2023-10-12 10:27:24","2023-10-12 10:27:24",""),
("60","17","5","XII PPLG","","0","0","2023-10-12 10:27:24","2023-10-12 10:27:24",""),
("61","18","5","XII PPLG","","0","0","2023-10-12 10:27:24","2023-10-12 10:27:24",""),
("62","19","5","XII PPLG","","0","0","2023-10-12 10:27:24","2023-10-12 10:27:24",""),
("63","20","5","XII PPLG","","0","0","2023-10-12 10:27:24","2023-10-12 10:27:24",""),
("64","21","5","XII PPLG","","0","0","2023-10-12 10:27:24","2023-10-12 10:27:24",""),
("65","22","5","XII PPLG","","0","0","2023-10-12 10:27:24","2023-10-12 10:27:24",""),
("66","10","6","XII PPLG","","0","446000","2023-10-12 10:27:24","2023-10-12 10:27:24",""),
("67","11","6","XII PPLG","","0","446000","2023-10-12 10:27:24","2023-10-12 10:27:24",""),
("68","12","6","XII PPLG","","0","108000","2023-10-12 10:27:24","2023-10-12 10:27:24",""),
("69","13","6","XII PPLG","","0","0","2023-10-12 10:27:24","2023-10-12 10:27:24",""),
("70","14","6","XII PPLG","","0","0","2023-10-12 10:27:24","2023-10-12 10:27:24",""),
("71","15","6","XII PPLG","","0","0","2023-10-12 10:27:24","2023-10-12 10:27:24",""),
("72","16","6","XII PPLG","","0","0","2023-10-12 10:27:24","2023-10-12 10:27:24",""),
("73","17","6","XII PPLG","","0","0","2023-10-12 10:27:24","2023-10-12 10:27:24",""),
("74","18","6","XII PPLG","","0","0","2023-10-12 10:27:24","2023-10-12 10:27:24",""),
("75","19","6","XII PPLG","","0","0","2023-10-12 10:27:24","2023-10-12 10:27:24",""),
("76","20","6","XII PPLG","","0","0","2023-10-12 10:27:24","2023-10-12 10:27:24",""),
("77","21","6","XII PPLG","","0","0","2023-10-12 10:27:24","2023-10-12 10:27:24",""),
("78","22","6","XII PPLG","","0","0","2023-10-12 10:27:24","2023-10-12 10:27:24",""),
("79","10","7","XII PPLG","","0","446000","2023-10-12 10:27:24","2023-10-12 10:27:24",""),
("80","11","7","XII PPLG","","0","446000","2023-10-12 10:27:24","2023-10-12 10:27:24",""),
("81","12","7","XII PPLG","","0","108000","2023-10-12 10:27:24","2023-10-12 10:27:24",""),
("82","13","7","XII PPLG","","0","0","2023-10-12 10:27:24","2023-10-12 10:27:24",""),
("83","14","7","XII PPLG","","0","0","2023-10-12 10:27:24","2023-10-12 10:27:24",""),
("84","15","7","XII PPLG","","0","0","2023-10-12 10:27:24","2023-10-12 10:27:24",""),
("85","16","7","XII PPLG","","0","0","2023-10-12 10:27:24","2023-10-12 10:27:24",""),
("86","17","7","XII PPLG","","0","0","2023-10-12 10:27:24","2023-10-12 10:27:24",""),
("87","18","7","XII PPLG","","0","0","2023-10-12 10:27:24","2023-10-12 10:27:24",""),
("88","19","7","XII PPLG","","0","0","2023-10-12 10:27:24","2023-10-12 10:27:24",""),
("89","20","7","XII PPLG","","0","0","2023-10-12 10:27:24","2023-10-12 10:27:24",""),
("90","21","7","XII PPLG","","0","0","2023-10-12 10:27:24","2023-10-12 10:27:24",""),
("91","22","7","XII PPLG","","0","0","2023-10-12 10:27:24","2023-10-12 10:27:24",""),
("92","10","8","XII PPLG","","0","446000","2023-10-12 10:27:24","2023-10-12 10:27:24",""),
("93","11","8","XII PPLG","","0","446000","2023-10-12 10:27:24","2023-10-12 10:27:24",""),
("94","12","8","XII PPLG","","0","108000","2023-10-12 10:27:24","2023-10-12 10:27:24",""),
("95","13","8","XII PPLG","","0","0","2023-10-12 10:27:24","2023-10-12 10:27:24",""),
("96","14","8","XII PPLG","","0","0","2023-10-12 10:27:24","2023-10-12 10:27:24",""),
("97","15","8","XII PPLG","","0","0","2023-10-12 10:27:24","2023-10-12 10:27:24",""),
("98","16","8","XII PPLG","","0","0","2023-10-12 10:27:24","2023-10-12 10:27:24",""),
("99","17","8","XII PPLG","","0","0","2023-10-12 10:27:24","2023-10-12 10:27:24",""),
("100","18","8","XII PPLG","","0","0","2023-10-12 10:27:24","2023-10-12 10:27:24","");
INSERT INTO tagihan VALUES
("101","19","8","XII PPLG","","0","0","2023-10-12 10:27:24","2023-10-12 10:27:24",""),
("102","20","8","XII PPLG","","0","0","2023-10-12 10:27:24","2023-10-12 10:27:24",""),
("103","21","8","XII PPLG","","0","0","2023-10-12 10:27:24","2023-10-12 10:27:24",""),
("104","22","8","XII PPLG","","0","0","2023-10-12 10:27:24","2023-10-12 10:27:24",""),
("105","10","9","XII PPLG","","0","446000","2023-10-12 10:27:24","2023-10-12 10:27:24",""),
("106","11","9","XII PPLG","","0","446000","2023-10-12 10:27:24","2023-10-12 10:27:24",""),
("107","12","9","XII PPLG","","0","446000","2023-10-12 10:27:24","2023-10-12 10:27:24",""),
("108","13","9","XII PPLG","","0","0","2023-10-12 10:27:24","2023-10-12 10:27:24",""),
("109","14","9","XII PPLG","","0","1608000","2023-10-12 10:27:24","2023-10-12 10:27:24",""),
("110","15","9","XII PPLG","","0","0","2023-10-12 10:27:24","2023-10-12 10:27:24",""),
("111","16","9","XII PPLG","","0","0","2023-10-12 10:27:24","2023-10-12 10:27:24",""),
("112","17","9","XII PPLG","","0","0","2023-10-12 10:27:24","2023-10-12 10:27:24",""),
("113","18","9","XII PPLG","","0","0","2023-10-12 10:27:24","2023-10-12 10:27:24",""),
("114","19","9","XII PPLG","","0","0","2023-10-12 10:27:24","2023-10-12 10:27:24",""),
("115","20","9","XII PPLG","","0","0","2023-10-12 10:27:24","2023-10-12 10:27:24",""),
("116","21","9","XII PPLG","","0","0","2023-10-12 10:27:24","2023-10-12 10:27:24",""),
("117","22","9","XII PPLG","","0","0","2023-10-12 10:27:24","2023-10-12 10:27:24",""),
("118","10","10","XII PPLG","","0","446000","2023-10-12 10:27:24","2023-10-12 10:27:24",""),
("119","11","10","XII PPLG","","0","446000","2023-10-12 10:27:24","2023-10-12 10:27:24",""),
("120","12","10","XII PPLG","","0","108000","2023-10-12 10:27:24","2023-10-12 10:27:24",""),
("121","13","10","XII PPLG","","0","0","2023-10-12 10:27:24","2023-10-12 10:27:24",""),
("122","14","10","XII PPLG","","0","0","2023-10-12 10:27:24","2023-10-12 10:27:24",""),
("123","15","10","XII PPLG","","0","0","2023-10-12 10:27:24","2023-10-12 10:27:24",""),
("124","16","10","XII PPLG","","0","0","2023-10-12 10:27:24","2023-10-12 10:27:24",""),
("125","17","10","XII PPLG","","0","0","2023-10-12 10:27:24","2023-10-12 10:27:24",""),
("126","18","10","XII PPLG","","0","0","2023-10-12 10:27:24","2023-10-12 10:27:24",""),
("127","19","10","XII PPLG","","0","0","2023-10-12 10:27:24","2023-10-12 10:27:24",""),
("128","20","10","XII PPLG","","0","0","2023-10-12 10:27:24","2023-10-12 10:27:24",""),
("129","21","10","XII PPLG","","0","0","2023-10-12 10:27:24","2023-10-12 10:27:24",""),
("130","22","10","XII PPLG","","0","0","2023-10-12 10:27:24","2023-10-12 10:27:24",""),
("131","10","11","XII PPLG","","0","446000","2023-10-12 10:27:24","2023-10-12 10:27:24",""),
("132","11","11","XII PPLG","","0","446000","2023-10-12 10:27:24","2023-10-12 10:27:24",""),
("133","12","11","XII PPLG","","0","108000","2023-10-12 10:27:24","2023-10-12 10:27:24",""),
("134","13","11","XII PPLG","","0","0","2023-10-12 10:27:24","2023-10-12 10:27:24",""),
("135","14","11","XII PPLG","","0","0","2023-10-12 10:27:24","2023-10-12 10:27:24",""),
("136","15","11","XII PPLG","","0","0","2023-10-12 10:27:24","2023-10-12 10:27:24",""),
("137","16","11","XII PPLG","","0","0","2023-10-12 10:27:24","2023-10-12 10:27:24",""),
("138","17","11","XII PPLG","","0","0","2023-10-12 10:27:24","2023-10-12 10:27:24",""),
("139","18","11","XII PPLG","","0","0","2023-10-12 10:27:24","2023-10-12 10:27:24",""),
("140","19","11","XII PPLG","","0","0","2023-10-12 10:27:24","2023-10-12 10:27:24",""),
("141","20","11","XII PPLG","","0","0","2023-10-12 10:27:24","2023-10-12 10:27:24",""),
("142","21","11","XII PPLG","","0","0","2023-10-12 10:27:24","2023-10-12 10:27:24",""),
("143","22","11","XII PPLG","","0","0","2023-10-12 10:27:24","2023-10-12 10:27:24",""),
("144","10","12","XII PPLG","","0","446000","2023-10-12 10:27:24","2023-10-12 10:27:24",""),
("145","11","12","XII PPLG","","0","446000","2023-10-12 10:27:24","2023-10-12 10:27:24",""),
("146","12","12","XII PPLG","","0","108000","2023-10-12 10:27:24","2023-10-12 10:27:24",""),
("147","13","12","XII PPLG","","0","0","2023-10-12 10:27:24","2023-10-12 10:27:24",""),
("148","14","12","XII PPLG","","0","0","2023-10-12 10:27:24","2023-10-12 10:27:24",""),
("149","15","12","XII PPLG","","0","0","2023-10-12 10:27:24","2023-10-12 10:27:24",""),
("150","16","12","XII PPLG","","0","0","2023-10-12 10:27:24","2023-10-12 10:27:24",""),
("151","17","12","XII PPLG","","0","0","2023-10-12 10:27:24","2023-10-12 10:27:24",""),
("152","18","12","XII PPLG","","0","0","2023-10-12 10:27:24","2023-10-12 10:27:24",""),
("153","19","12","XII PPLG","","0","0","2023-10-12 10:27:24","2023-10-12 10:27:24",""),
("154","20","12","XII PPLG","","0","0","2023-10-12 10:27:24","2023-10-12 10:27:24",""),
("155","21","12","XII PPLG","","0","0","2023-10-12 10:27:24","2023-10-12 10:27:24",""),
("156","22","12","XII PPLG","","0","0","2023-10-12 10:27:24","2023-10-12 10:27:24",""),
("157","10","13","XII PPLG","","0","446000","2023-10-12 10:27:24","2023-10-12 10:27:24",""),
("158","11","13","XII PPLG","","0","446000","2023-10-12 10:27:24","2023-10-12 10:27:24",""),
("159","12","13","XII PPLG","","0","108000","2023-10-12 10:27:24","2023-10-12 10:27:24",""),
("160","13","13","XII PPLG","","0","0","2023-10-12 10:27:24","2023-10-12 10:27:24",""),
("161","14","13","XII PPLG","","0","0","2023-10-12 10:27:24","2023-10-12 10:27:24",""),
("162","15","13","XII PPLG","","0","0","2023-10-12 10:27:24","2023-10-12 10:27:24",""),
("163","16","13","XII PPLG","","0","0","2023-10-12 10:27:24","2023-10-12 10:27:24",""),
("164","17","13","XII PPLG","","0","0","2023-10-12 10:27:24","2023-10-12 10:27:24",""),
("165","18","13","XII PPLG","","0","0","2023-10-12 10:27:24","2023-10-12 10:27:24",""),
("166","19","13","XII PPLG","","0","0","2023-10-12 10:27:24","2023-10-12 10:27:24",""),
("167","20","13","XII PPLG","","0","0","2023-10-12 10:27:24","2023-10-12 10:27:24",""),
("168","21","13","XII PPLG","","0","0","2023-10-12 10:27:24","2023-10-12 10:27:24",""),
("169","22","13","XII PPLG","","0","0","2023-10-12 10:27:24","2023-10-12 10:27:24",""),
("170","10","14","XII PPLG","","0","446000","2023-10-12 10:27:24","2023-10-12 10:27:24",""),
("171","11","14","XII PPLG","","0","446000","2023-10-12 10:27:24","2023-10-12 10:27:24",""),
("172","12","14","XII PPLG","","0","108000","2023-10-12 10:27:24","2023-10-12 10:27:24",""),
("173","13","14","XII PPLG","","0","0","2023-10-12 10:27:24","2023-10-12 10:27:24",""),
("174","14","14","XII PPLG","","0","0","2023-10-12 10:27:24","2023-10-12 10:27:24",""),
("175","15","14","XII PPLG","","0","0","2023-10-12 10:27:24","2023-10-12 10:27:24",""),
("176","16","14","XII PPLG","","0","0","2023-10-12 10:27:24","2023-10-12 10:27:24",""),
("177","17","14","XII PPLG","","0","0","2023-10-12 10:27:24","2023-10-12 10:27:24",""),
("178","18","14","XII PPLG","","0","0","2023-10-12 10:27:24","2023-10-12 10:27:24",""),
("179","19","14","XII PPLG","","0","0","2023-10-12 10:27:24","2023-10-12 10:27:24",""),
("180","20","14","XII PPLG","","0","0","2023-10-12 10:27:24","2023-10-12 10:27:24",""),
("181","21","14","XII PPLG","","0","0","2023-10-12 10:27:24","2023-10-12 10:27:24",""),
("182","22","14","XII PPLG","","0","0","2023-10-12 10:27:24","2023-10-12 10:27:24",""),
("183","10","15","XII PPLG","","0","446000","2023-10-12 10:27:24","2023-10-12 10:27:24",""),
("184","11","15","XII PPLG","","0","446000","2023-10-12 10:27:24","2023-10-12 10:27:24",""),
("185","12","15","XII PPLG","","0","108000","2023-10-12 10:27:24","2023-10-12 10:27:24",""),
("186","13","15","XII PPLG","","0","0","2023-10-12 10:27:24","2023-10-12 10:27:24",""),
("187","14","15","XII PPLG","","0","0","2023-10-12 10:27:24","2023-10-12 10:27:24",""),
("188","15","15","XII PPLG","","0","0","2023-10-12 10:27:24","2023-10-12 10:27:24",""),
("189","16","15","XII PPLG","","0","0","2023-10-12 10:27:24","2023-10-12 10:27:24",""),
("190","17","15","XII PPLG","","0","0","2023-10-12 10:27:24","2023-10-12 10:27:24",""),
("191","18","15","XII PPLG","","0","0","2023-10-12 10:27:24","2023-10-12 10:27:24",""),
("192","19","15","XII PPLG","","0","0","2023-10-12 10:27:24","2023-10-12 10:27:24",""),
("193","20","15","XII PPLG","","0","0","2023-10-12 10:27:24","2023-10-12 10:27:24",""),
("194","21","15","XII PPLG","","0","0","2023-10-12 10:27:24","2023-10-12 10:27:24",""),
("195","22","15","XII PPLG","","0","0","2023-10-12 10:27:24","2023-10-12 10:27:24",""),
("196","10","16","XII PPLG","","0","446000","2023-10-12 10:27:24","2023-10-12 10:27:24",""),
("197","11","16","XII PPLG","","0","446000","2023-10-12 10:27:24","2023-10-12 10:27:24",""),
("198","12","16","XII PPLG","","0","108000","2023-10-12 10:27:24","2023-10-12 10:27:24",""),
("199","13","16","XII PPLG","","0","0","2023-10-12 10:27:24","2023-10-12 10:27:24",""),
("200","14","16","XII PPLG","","0","0","2023-10-12 10:27:24","2023-10-12 10:27:24","");
INSERT INTO tagihan VALUES
("201","15","16","XII PPLG","","0","0","2023-10-12 10:27:24","2023-10-12 10:27:24",""),
("202","16","16","XII PPLG","","0","0","2023-10-12 10:27:24","2023-10-12 10:27:24",""),
("203","17","16","XII PPLG","","0","0","2023-10-12 10:27:24","2023-10-12 10:27:24",""),
("204","18","16","XII PPLG","","0","0","2023-10-12 10:27:24","2023-10-12 10:27:24",""),
("205","19","16","XII PPLG","","0","0","2023-10-12 10:27:24","2023-10-12 10:27:24",""),
("206","20","16","XII PPLG","","0","0","2023-10-12 10:27:24","2023-10-12 10:27:24",""),
("207","21","16","XII PPLG","","0","0","2023-10-12 10:27:24","2023-10-12 10:27:24",""),
("208","22","16","XII PPLG","","0","0","2023-10-12 10:27:24","2023-10-12 10:27:24",""),
("209","10","17","XII PPLG","","0","446000","2023-10-12 10:27:24","2023-10-12 10:27:24",""),
("210","11","17","XII PPLG","","0","446000","2023-10-12 10:27:24","2023-10-12 10:27:24",""),
("211","12","17","XII PPLG","","0","108000","2023-10-12 10:27:24","2023-10-12 10:27:24",""),
("212","13","17","XII PPLG","","0","0","2023-10-12 10:27:24","2023-10-12 10:27:24",""),
("213","14","17","XII PPLG","","0","0","2023-10-12 10:27:24","2023-10-12 10:27:24",""),
("214","15","17","XII PPLG","","0","0","2023-10-12 10:27:24","2023-10-12 10:27:24",""),
("215","16","17","XII PPLG","","0","0","2023-10-12 10:27:24","2023-10-12 10:27:24",""),
("216","17","17","XII PPLG","","0","0","2023-10-12 10:27:24","2023-10-12 10:27:24",""),
("217","18","17","XII PPLG","","0","0","2023-10-12 10:27:24","2023-10-12 10:27:24",""),
("218","19","17","XII PPLG","","0","0","2023-10-12 10:27:24","2023-10-12 10:27:24",""),
("219","20","17","XII PPLG","","0","0","2023-10-12 10:27:24","2023-10-12 10:27:24",""),
("220","21","17","XII PPLG","","0","0","2023-10-12 10:27:24","2023-10-12 10:27:24",""),
("221","22","17","XII PPLG","","0","0","2023-10-12 10:27:24","2023-10-12 10:27:24",""),
("222","10","18","XII PPLG","","0","446000","2023-10-12 10:27:24","2023-10-12 10:27:24",""),
("223","11","18","XII PPLG","","0","446000","2023-10-12 10:27:24","2023-10-12 10:27:24",""),
("224","12","18","XII PPLG","","0","108000","2023-10-12 10:27:24","2023-10-12 10:27:24",""),
("225","13","18","XII PPLG","","0","0","2023-10-12 10:27:24","2023-10-12 10:27:24",""),
("226","14","18","XII PPLG","","0","0","2023-10-12 10:27:24","2023-10-12 10:27:24",""),
("227","15","18","XII PPLG","","0","0","2023-10-12 10:27:24","2023-10-12 10:27:24",""),
("228","16","18","XII PPLG","","0","0","2023-10-12 10:27:24","2023-10-12 10:27:24",""),
("229","17","18","XII PPLG","","0","0","2023-10-12 10:27:24","2023-10-12 10:27:24",""),
("230","18","18","XII PPLG","","0","0","2023-10-12 10:27:24","2023-10-12 10:27:24",""),
("231","19","18","XII PPLG","","0","0","2023-10-12 10:27:24","2023-10-12 10:27:24",""),
("232","20","18","XII PPLG","","0","0","2023-10-12 10:27:24","2023-10-12 10:27:24",""),
("233","21","18","XII PPLG","","0","0","2023-10-12 10:27:24","2023-10-12 10:27:24",""),
("234","22","18","XII PPLG","","0","0","2023-10-12 10:27:24","2023-10-12 10:27:24","");

CREATE TABLE `user` (
  `id_user` int(10) NOT NULL AUTO_INCREMENT,
  `nama` varchar(200) NOT NULL,
  `username` varchar(200) NOT NULL,
  `password` varchar(200) NOT NULL,
  `hak_akses` int(1) NOT NULL,
  `dibuat_pada` datetime NOT NULL DEFAULT CURRENT_TIMESTAMP,
  `diubah_pada` datetime NOT NULL DEFAULT CURRENT_TIMESTAMP,
  `dihapus_pada` datetime DEFAULT NULL,
  PRIMARY KEY (`id_user`)
) ENGINE=InnoDB AUTO_INCREMENT=3 DEFAULT CHARSET=latin1;

INSERT INTO user VALUES
("2","Dania","d","nasywa","1","2023-08-24 12:17:11","2023-08-24 12:17:11","");